id, reclat, reclong, country, country_abrv
22489,-76.22333,158.68446,Antarctica,AQ

22490,-76.23614,158.32788,Antarctica,AQ

22491,-76.23836999999999,158.24867,Antarctica,AQ

22492,-76.22305,158.56938,Antarctica,AQ

22493,-76.20614,158.50694,Antarctica,AQ

22494,-76.23611,158.31753999999998,Antarctica,AQ

22495,-76.25201,158.59721000000002,Antarctica,AQ

22496,-76.21592,158.61983999999998,Antarctica,AQ

22497,-76.22384,158.56194,Antarctica,AQ

22498,-76.20775,158.49356,Antarctica,AQ

22499,-76.20756,158.50933,Antarctica,AQ

22500,-76.229,158.26337,Antarctica,AQ

22501,-76.20798,158.48295,Antarctica,AQ

22502,-76.22171999999999,158.68468000000001,Antarctica,AQ

22503,-76.23529,158.3267,Antarctica,AQ

22504,-76.219,158.4182,Antarctica,AQ

22505,-76.20692,158.52362,Antarctica,AQ

22506,-76.22227,158.43046999999999,Antarctica,AQ

22507,-76.24369,158.21733999999998,Antarctica,AQ

22508,-76.22616,158.61317,Antarctica,AQ

22509,-76.24984,158.20758,Antarctica,AQ

22510,-76.21171,158.44122,Antarctica,AQ

22511,-76.21964,158.3792,Antarctica,AQ

22512,-76.21013,158.47461,Antarctica,AQ

22513,-76.2173,158.40175,Antarctica,AQ

22514,-76.2388,158.27018999999999,Antarctica,AQ

22515,-76.20809,158.49261,Antarctica,AQ

22516,-76.2061,158.48433,Antarctica,AQ

22517,-76.23599,158.2172,Antarctica,AQ

22518,-76.22867,158.2662,Antarctica,AQ

22519,-76.22305,158.35396,Antarctica,AQ

22520,-76.24699,158.24228,Antarctica,AQ

22521,-76.21547,158.40042,Antarctica,AQ

22522,-76.22278,158.79288,Antarctica,AQ

22523,-76.2233,158.35405,Antarctica,AQ

22524,-76.20663,158.48102,Antarctica,AQ

22525,-76.21805,158.81183000000001,Antarctica,AQ

22526,-76.22341999999999,158.35226,Antarctica,AQ

22527,-76.21321,158.44041,Antarctica,AQ

22528,-76.23536999999999,158.71483999999998,Antarctica,AQ

22529,-76.22062,158.37624,Antarctica,AQ

22530,-76.23503000000001,158.76036000000002,Antarctica,AQ

22531,-76.20921,158.47558,Antarctica,AQ

22532,-76.20864,158.51051,Antarctica,AQ

22533,-76.22140999999999,158.67192,Antarctica,AQ

22534,-76.21466,158.4273,Antarctica,AQ

22535,-76.23843000000001,158.28864,Antarctica,AQ

22536,-76.20655,158.50946000000002,Antarctica,AQ

22537,-76.23302,158.27002,Antarctica,AQ

22538,53.075,-105.84167,Canada,CA

22539,35.653059999999996,-114.02436999999999,United States,US

22540,35.64552,-114.03068999999999,United States,US

22541,35.6464,-114.02848999999999,United States,US

22542,35.64645,-114.02853,United States,US

22543,35.62705,-114.04336,United States,US

22544,35.62723,-114.04323000000001,United States,US

22545,35.66185,-114.0271,United States,US

22546,35.66375,-114.02698000000001,United States,US

31306,35.69732,-114.032,United States,US

31307,35.67947,-114.04338,United States,US

31308,35.6448,-114.03452,United States,US

31309,35.62682,-114.04373000000001,United States,US

22547,35.69733,-114.06166999999999,United States,US

45969,35.63333,-114.08333,United States,US

45970,35.641329999999996,-114.09,United States,US

45971,35.647,-114.0955,United States,US

52886,35.65868,-114.02573000000001,United States,US

52891,35.64,-114.03285,United States,US

52971,35.62453,-114.04688,United States,US

22548,32.0,-95.0,United States,US

22549,35.41667,-117.91667,United States,US

22550,40.25,-100.5,United States,US

22551,-30.71667,116.5,Australia,AU

51705,53.9329,-112.977,Canada,CA

22552,43.86667,-85.51666999999999,United States,US

22553,25.58333,0.5,Algeria,DZ

22554,25.633329999999997,0.53333,Algeria,DZ

22555,25.633329999999997,0.5,Algeria,DZ

22556,-30.066670000000002,128.98333,Australia,AU

22557,-30.066670000000002,128.96667,Australia,AU

22558,-30.066670000000002,128.96667,Australia,AU

22559,-30.25,128.8,Australia,AU

22560,-30.15,128.8,Australia,AU

22561,-30.6,128.48333,Australia,AU

22562,-30.65,128.40833,Australia,AU

22563,-30.08333,128.81667,Australia,AU

22564,-30.316670000000002,128.985,Australia,AU

22565,-30.32167,128.85,Australia,AU

22566,-30.21667,128.3,Australia,AU

22567,-30.5,128.5,Australia,AU

22568,-30.08333,128.91666999999998,Australia,AU

22569,-30.08333,128.83333000000002,Australia,AU

22570,-30.28667,128.635,Australia,AU

22571,-30.16667,129.0,Australia,AU

22572,-30.16667,128.91666999999998,Australia,AU

22573,-30.08333,128.91666999999998,Australia,AU

22574,-30.517329999999998,128.47617,Australia,AU

22575,-30.51667,128.45833000000002,Australia,AU

22576,-30.067829999999997,128.98483000000002,Australia,AU

22577,-30.30283,128.52617,Australia,AU

22578,-30.300829999999998,128.5255,Australia,AU

22579,-30.31833,128.38333,Australia,AU

22580,-30.28667,128.57333,Australia,AU

22581,-30.24833,128.63528,Australia,AU

22582,-30.31806,128.37333,Australia,AU

22583,-30.12367,128.8495,Australia,AU

56552,-23.17556,-69.71833000000001,Chile,CL

22588,36.986670000000004,-97.555,United States,US

22591,40.08333,-98.91667,United States,US

56577,39.458890000000004,-4.3775,Spain,ES

45007,23.2925,-10.17483,Mauritania,MR

45008,23.39067,-9.94017,Mauritania,MR

22594,-34.66667,139.28333,Australia,AU

22595,33.53333,-99.61667,United States,US

22596,-21.98333,-69.61667,Chile,CL

22598,10.0,9.0,Nigeria,NG

22600,37.22222,-101.68139000000001,United States,US

22601,31.9,-96.4,United States,US

22604,35.58333,-117.56667,United States,US

22605,38.51667,-107.83333,United States,US

22606,-23.870829999999998,-67.17639,Argentina,AR

44799,-32.87167,-64.22333,Argentina,AR

22608,-13.12333,-42.2885,Brazil,BR

22609,-39.85,-69.48333000000001,Argentina,AR

55670,35.3,-106.63333,United States,US

22612,-30.366670000000003,126.01666999999999,Australia,AU

22613,50.94,-96.99167,Canada,CA

22616,35.63333,-115.36667,United States,US

22617,35.65933,-115.37167,United States,US

22618,35.6717,-115.36721999999999,United States,US

22619,35.68345,-115.34703,United States,US

32763,35.672979999999995,-115.36717,United States,US

22620,35.68078,-115.34062,United States,US

22621,35.67405,-115.36806999999999,United States,US

22622,35.6701,-115.37248000000001,United States,US

22623,35.67725,-115.3566,United States,US

22624,35.67355,-115.35067,United States,US

52982,35.66594,-115.37081,United States,US

22625,-72.65333000000001,160.30703,Antarctica,AQ

22662,34.08333,-103.5,United States,US

22663,34.08333,-103.5,United States,US

22664,34.08333,-103.5,United States,US

22638,34.42222,-101.4975,United States,US

22639,41.65,-109.025,United States,US

22643,25.33333,-104.66667,Mexico,MX

22644,-22.33333,118.0,Australia,AU

22645,34.065,-103.40833,United States,US

22646,37.11667,-101.6,United States,US

22647,37.11667,-101.6,United States,US

22648,37.08333,-101.6,United States,US

22649,37.08333,-101.6,United States,US

52890,50.28533,46.699670000000005,Russia,RU

22651,35.76667,-102.95,United States,US

22652,-23.08333,14.715,Namibia,NA

22653,-23.08333,14.715,Namibia,NA

22654,-23.08333,14.715,Namibia,NA

22655,34.86667,-98.95,United States,US

22656,33.78333,-103.56667,United States,US

22657,33.71667,-103.65,United States,US

22658,33.88333,-103.56667,United States,US

22659,34.08333,-103.5,United States,US

22660,34.21667,-103.28333,United States,US

22661,34.08333,-103.5,United States,US

22665,33.08333,-103.5,United States,US

22666,33.75,-103.13333,United States,US

22667,34.1,-103.48333000000001,United States,US

22668,34.1,-103.48333000000001,United States,US

22669,34.1,-103.48333000000001,United States,US

22670,34.1,-103.48333000000001,United States,US

22671,34.1,-103.48333000000001,United States,US

22672,34.21667,-103.2,United States,US

22673,34.31667,-103.41667,United States,US

22674,34.11667,-103.56667,United States,US

22675,34.13333,-103.56667,United States,US

22676,33.818059999999996,-103.20694,United States,US

22677,34.21667,-103.28333,United States,US

22678,34.18333,-103.23333000000001,United States,US

22679,34.08333,-103.5,United States,US

22680,34.08333,-103.5,United States,US

22681,34.15,-104.01666999999999,United States,US

22682,33.8,-103.25,United States,US

22683,34.08333,-103.5,United States,US

22684,34.08333,-103.5,United States,US

22685,34.28333,-103.43333,United States,US

22686,33.78333,-103.55,United States,US

22687,34.08333,-103.5,United States,US

22688,34.08333,-103.5,United States,US

22689,34.08333,-103.61667,United States,US

22690,34.08333,-103.61667,United States,US

22691,34.08333,-103.61667,United States,US

22692,34.08333,-103.51666999999999,United States,US

22693,34.3,-103.45,United States,US

22694,34.08333,-103.5,United States,US

22695,34.08333,-103.5,United States,US

22696,34.08333,-103.5,United States,US

22697,34.08333,-103.51666999999999,United States,US

22698,34.08333,-103.61667,United States,US

22699,34.25,-103.51666999999999,United States,US

22700,34.23333,-103.25,United States,US

22701,34.1,-103.48333000000001,United States,US

22702,34.13333,-103.36667,United States,US

22703,33.61667,-103.45,United States,US

22704,34.08333,-103.5,United States,US

22705,34.08333,-103.5,United States,US

22706,34.21667,-103.35,United States,US

22707,34.1,-103.48333000000001,United States,US

22708,33.88333,-103.7,United States,US

22709,34.3,-103.43333,United States,US

22710,34.3,-103.43333,United States,US

22711,34.41667,-103.58333,United States,US

22712,34.21667,-103.28333,United States,US

22713,34.08333,-103.5,United States,US

22714,34.08333,-103.5,United States,US

22715,34.08333,-103.61667,United States,US

22716,34.08333,-103.51666999999999,United States,US

22717,34.21667,-103.5,United States,US

22718,34.08333,-103.5,United States,US

22719,34.08333,-103.5,United States,US

22720,33.61667,-103.45,United States,US

22721,34.1,-103.48333000000001,United States,US

22722,34.1,-103.48333000000001,United States,US

22723,34.1,-103.48333000000001,United States,US

22724,34.1,-103.48333000000001,United States,US

22725,34.1,-103.48333000000001,United States,US

22726,34.1,-103.48333000000001,United States,US

22727,34.1,-103.48333000000001,United States,US

22728,34.08333,-103.48333000000001,United States,US

22729,34.08333,-103.51666999999999,United States,US

22730,34.18333,-103.43333,United States,US

22731,34.08333,-103.5,United States,US

22732,34.08333,-103.5,United States,US

22733,34.08333,-103.5,United States,US

22734,34.1,-103.58333,United States,US

22735,34.05,-103.5,United States,US

22736,33.63333,-103.16667,United States,US

22737,34.08333,-103.56667,United States,US

22738,33.66667,-103.41667,United States,US

22739,34.2,-103.23333000000001,United States,US

22740,34.31667,-103.38333,United States,US

22741,34.28333,-103.28333,United States,US

22742,34.06667,-103.51666999999999,United States,US

22743,33.88333,-103.56667,United States,US

22744,34.13333,-103.53333,United States,US

22745,34.28333,-103.51666999999999,United States,US

22746,34.08333,-103.5,United States,US

22747,34.08333,-103.5,United States,US

22748,34.08333,-103.5,United States,US

22749,34.08333,-103.5,United States,US

22750,34.09167,-103.50166999999999,United States,US

22751,34.09167,-103.67667,United States,US

22752,33.95833,-103.93833000000001,United States,US

22753,34.21667,-103.55,United States,US

22754,33.6,-103.3,United States,US

22755,34.3,-103.45,United States,US

22756,34.05,-103.58333,United States,US

22757,33.995,-103.25,United States,US

22758,33.73883,-103.65,United States,US

22759,33.72217,-103.67333,United States,US

22760,34.18833,-103.94167,United States,US

22761,34.21667,-103.93333,United States,US

22762,34.21667,-103.13333,United States,US

47360,34.21667,-103.18333,United States,US

48914,34.21667,-103.18333,United States,US

48991,33.736667,-103.623333,United States,US

22763,-15.0,135.0,Australia,AU

57434,34.82793,-118.1464,United States,US

22764,34.83333,-118.06667,United States,US

22765,14.6,-88.68333,Honduras,HN

22767,30.816670000000002,-97.05,United States,US

22768,30.058059999999998,-96.65139,United States,US

22769,30.066670000000002,-96.7,United States,US

22770,39.16667,-98.43333,United States,US

22771,46.78333,-108.56667,United States,US

22772,-29.8,148.63333,Australia,AU

22774,35.95,-104.2,United States,US

22775,35.95,-104.2,United States,US

22776,20.0,50.0,Saudi Arabia,SA

22777,20.0,50.0,Saudi Arabia,SA

22778,20.0,50.0,Saudi Arabia,SA

22779,34.3,-81.4,United States,US

22781,48.348,17.866,Slovakia,SK

22785,39.5,-85.5,United States,US

22786,38.61667,-102.71667,United States,US

22787,39.61667,-85.45,United States,US

22788,39.8,-105.5,United States,US

22789,32.13333,-111.13333,United States,US

22790,81.16667,-49.0,Greenland,GL

22794,32.91667,-104.66667,United States,US

34065,34.756370000000004,-114.23435,United States,US

34066,34.75635,-114.2343,United States,US

34067,34.75873,-114.23342,United States,US

34068,34.75078,-114.22717,United States,US

45974,34.74667,-114.21,United States,US

22795,30.26667,-4.66667,Morocco,MA

22797,32.865829999999995,-97.32306,United States,US

23080,40.71667,-90.41667,United States,US

23096,48.48333,3.58333,France,FR

23720,-21.192220000000002,55.68639,Reunion,RE

23105,27.0,-105.25,Mexico,MX

53813,-23.826,-68.57217,Chile,CL

23106,-24.203329999999998,-68.805,Chile,CL

23108,38.98333,-111.85,United States,US

23109,39.4,-100.4,United States,US

23110,66.8,28.45,Finland,FI

23112,40.91667,-111.66667,United States,US

23113,37.95,-85.78333,United States,US

23116,42.53333,-122.875,United States,US

23117,31.41667,-100.35,United States,US

55265,34.00056,-115.72972,United States,US

23118,-27.558609999999998,-56.134440000000005,Argentina,AR

23119,-35.53333,-58.76667,Argentina,AR

23121,-23.433329999999998,-69.5,Chile,CL

23122,36.0,-119.0,United States,US

23123,23.48333,-104.36667,Mexico,MX

23124,35.0,-112.0,United States,US

47356,32.16657,-111.11718,United States,US

23125,24.7,-99.08333,Mexico,MX

23126,-25.575,-69.795,Chile,CL

23127,-25.575,-69.795,Chile,CL

48680,-25.446167000000003,-69.85866700000001,Chile,CL

48681,-25.447333,-69.860667,Chile,CL

48682,-25.445833,-69.8635,Chile,CL

48683,-25.446333,-69.855333,Chile,CL

48684,-25.4475,-69.851,Chile,CL

48685,-25.4485,-69.851833,Chile,CL

48686,-25.447667000000003,-69.871833,Chile,CL

48687,-25.447667000000003,-69.867333,Chile,CL

48688,-25.447833,-69.867333,Chile,CL

48689,-25.443167000000003,-69.8955,Chile,CL

49492,-25.443832999999998,-69.870333,Chile,CL

49493,-25.445,-69.870667,Chile,CL

49494,-25.4445,-69.867,Chile,CL

49495,-25.444167,-69.8715,Chile,CL

49496,-25.4435,-69.8745,Chile,CL

49497,-25.443,-69.875167,Chile,CL

49498,-25.4425,-69.874,Chile,CL

49499,-25.4415,-69.87616700000001,Chile,CL

49500,-25.441667000000002,-69.8735,Chile,CL

49501,-25.4425,-69.872167,Chile,CL

49502,-25.443,-69.871833,Chile,CL

49503,-25.44,-69.872333,Chile,CL

49504,-25.372,-69.8995,Chile,CL

49505,-25.4425,-69.871167,Chile,CL

49506,-25.442667,-69.871167,Chile,CL

49507,-25.441167,-69.871167,Chile,CL

49508,-25.441833,-69.871,Chile,CL

49509,-25.441833,-69.870333,Chile,CL

49510,-25.440333,-69.879,Chile,CL

49511,-25.4425,-69.877167,Chile,CL

52374,-25.440832999999998,-69.868833,Chile,CL

52375,-25.440333,-69.868167,Chile,CL

52376,-25.439667,-69.87983299999999,Chile,CL

52377,-25.4405,-69.880167,Chile,CL

52378,-25.439833,-69.880333,Chile,CL

52379,-25.441833,-69.88166700000001,Chile,CL

52380,-25.371,-69.8975,Chile,CL

52643,-25.44,-69.884,Chile,CL

52644,-25.4395,-69.884,Chile,CL

52645,-25.444833,-69.881,Chile,CL

52381,-25.443167000000003,-69.8825,Chile,CL

52382,-25.443667,-69.884,Chile,CL

52646,-25.4435,-69.866667,Chile,CL

52383,-25.442332999999998,-69.864667,Chile,CL

52384,-25.443,-69.863667,Chile,CL

52385,-25.447333,-69.8835,Chile,CL

52386,-25.439332999999998,-69.886333,Chile,CL

52387,-25.439667,-69.8865,Chile,CL

52388,-25.438667000000002,-69.8865,Chile,CL

52647,-25.4395,-69.88583299999999,Chile,CL

54439,-25.44,-69.88833000000001,Chile,CL

54440,-25.44067,-69.86367,Chile,CL

54477,-25.439329999999998,-69.8635,Chile,CL

54441,-25.43883,-69.85883000000001,Chile,CL

54442,-25.449,-69.8815,Chile,CL

54443,-25.44933,-69.8815,Chile,CL

54444,-25.449,-69.88033,Chile,CL

54445,-25.4465,-69.88583,Chile,CL

54827,-25.44067,-69.86083,Chile,CL

54828,-25.42517,-69.69017,Chile,CL

57201,-25.58333,-69.78333,Chile,CL

57202,-25.58333,-69.78333,Chile,CL

57304,-25.58333,-69.78333,Chile,CL

57305,-25.58333,-69.78333,Chile,CL

23131,29.5,-98.5,United States,US

23132,-16.21667,-50.3,Brazil,BR

23133,39.43,-99.995,United States,US

23134,40.81667,-102.25,United States,US

23135,30.133329999999997,-102.15,United States,US

23158,40.43333,-98.06667,United States,US

23156,35.25,-106.5,United States,US

23157,35.93333,-91.63333,United States,US

23160,19.21667,-98.3,Mexico,MX

23162,-26.21667,-48.6,Brazil,BR

23163,24.46667,-103.35,Mexico,MX

23166,-16.26667,-47.95,Brazil,BR

23167,5.91667,-73.0,Colombia,CO

23168,27.33333,-112.33333,Mexico,MX

35478,-33.509440000000005,-53.410830000000004,Brazil,BR

23169,24.5,-106.0,Mexico,MX

23170,-21.55,-43.01667,Brazil,BR

23172,41.76611,-8.58361,Portugal,PT

23174,36.5,137.0,Japan,JP

23175,39.84433,-100.51,United States,US

23177,32.948890000000006,-81.865,United States,US

23178,48.48333,44.81667,Russia,RU

23179,45.9835,105.75883,Mongolia,MN

23180,26.4455,15.5925,Libya,LY

23181,26.812,15.874670000000002,Libya,LY

23182,26.427670000000003,15.848329999999999,Libya,LY

23183,27.13883,15.5475,Libya,LY

23184,26.8425,15.69183,Libya,LY

23185,24.297,18.41433,Libya,LY

23186,24.4,81.88333,India,IN

23189,35.16667,-88.18333,United States,US

23191,40.86217,-118.54167,United States,US

53806,37.523920000000004,-98.62993,United States,US

23193,20.51667,56.666669999999996,Oman,OM

23194,20.971829999999997,56.878,Oman,OM

23195,20.979,57.162,Oman,OM

23196,20.796,57.208,Oman,OM

23197,20.996,57.32583,Oman,OM

23198,20.927,57.2855,Oman,OM

23199,20.95233,57.3045,Oman,OM

23200,20.9805,57.319,Oman,OM

23201,20.9915,57.307,Oman,OM

23202,20.992,57.30583000000001,Oman,OM

23203,21.00333,57.2885,Oman,OM

23204,20.9825,57.31483000000001,Oman,OM

23205,20.9655,57.32083000000001,Oman,OM

23206,21.01983,57.29816999999999,Oman,OM

23207,21.048,57.286669999999994,Oman,OM

23208,20.97867,57.327169999999995,Oman,OM

23209,20.968329999999998,57.317330000000005,Oman,OM

23210,20.551,57.144330000000004,Oman,OM

23211,20.68267,57.179,Oman,OM

23212,20.694329999999997,57.1605,Oman,OM

23213,21.052329999999998,57.285669999999996,Oman,OM

23214,21.07183,57.266169999999995,Oman,OM

23215,21.090329999999998,57.247330000000005,Oman,OM

23216,21.11533,57.221169999999994,Oman,OM

23217,21.021829999999998,57.246669999999995,Oman,OM

23218,21.0585,57.272830000000006,Oman,OM

23219,20.9675,57.3235,Oman,OM

23220,21.06567,57.2245,Oman,OM

23221,21.08483,57.05517,Oman,OM

23222,20.82583,57.19933,Oman,OM

23223,21.051,57.2765,Oman,OM

23224,21.054,57.276830000000004,Oman,OM

23225,20.99667,57.291169999999994,Oman,OM

23226,21.065170000000002,57.28167,Oman,OM

23227,20.67367,57.18,Oman,OM

23228,20.66583,57.186330000000005,Oman,OM

23229,21.06917,57.289,Oman,OM

23230,21.068170000000002,57.281,Oman,OM

23231,21.05694,57.27639,Oman,OM

23232,21.06361,57.271390000000004,Oman,OM

23233,21.07556,57.25722,Oman,OM

23234,20.72306,57.125280000000004,Oman,OM

23235,20.93667,57.261109999999995,Oman,OM

23236,21.06083,57.27194,Oman,OM

23237,21.04361,57.0175,Oman,OM

23238,20.82333,57.085280000000004,Oman,OM

23239,20.93833,56.877219999999994,Oman,OM

23240,21.00917,56.986940000000004,Oman,OM

23241,20.98067,57.30217,Oman,OM

23242,20.97583,57.323,Oman,OM

23243,20.974,57.32083000000001,Oman,OM

23244,21.011,57.32066999999999,Oman,OM

23245,21.015,57.338,Oman,OM

23246,20.98283,57.334830000000004,Oman,OM

23247,20.9735,57.305,Oman,OM

23248,20.53,56.67167,Oman,OM

23249,21.06167,57.32666999999999,Oman,OM

23250,20.456670000000003,56.65667,Oman,OM

23251,20.54167,56.67833,Oman,OM

23252,20.98,57.31833,Oman,OM

23253,20.50667,56.655,Oman,OM

23254,21.06,57.29,Oman,OM

23255,20.581670000000003,56.79833000000001,Oman,OM

23256,21.0,57.31,Oman,OM

23257,21.035,57.26806,Oman,OM

23258,20.531670000000002,56.676669999999994,Oman,OM

23259,20.043329999999997,57.278330000000004,Oman,OM

23260,21.32667,57.17833,Oman,OM

23261,20.819,57.33967,Oman,OM

23262,20.775170000000003,57.28167,Oman,OM

23263,20.819,57.26367,Oman,OM

23264,20.638170000000002,57.169,Oman,OM

23265,20.6515,57.169,Oman,OM

23266,20.6275,57.16433000000001,Oman,OM

23267,20.6845,57.14066999999999,Oman,OM

23268,20.7325,57.122,Oman,OM

23269,21.01183,57.33,Oman,OM

23270,21.004,57.31867,Oman,OM

23271,21.05183,57.26967,Oman,OM

23272,21.05183,57.26967,Oman,OM

23273,21.05183,57.26967,Oman,OM

23274,21.05183,57.26967,Oman,OM

23275,21.05183,57.26967,Oman,OM

23276,21.05183,57.26967,Oman,OM

23277,21.06833,57.27,Oman,OM

23278,20.71,57.02166999999999,Oman,OM

23279,20.32,57.231669999999994,Oman,OM

23280,20.53,56.665,Oman,OM

23281,20.88167,57.2,Oman,OM

23282,21.0,57.32,Oman,OM

23283,21.16667,56.666669999999996,Oman,OM

23284,21.170170000000002,56.68283,Oman,OM

23285,21.09917,57.09117,Oman,OM

23286,20.99115,57.33877,Oman,OM

23287,21.123070000000002,56.982380000000006,Oman,OM

23288,21.10912,56.9335,Oman,OM

23289,21.1454,56.7875,Oman,OM

23290,21.14493,56.80587,Oman,OM

23291,20.6157,57.163180000000004,Oman,OM

23292,20.82752,57.305519999999994,Oman,OM

23293,21.05303,57.262719999999995,Oman,OM

23294,20.935,57.011669999999995,Oman,OM

23295,20.98333,57.32666999999999,Oman,OM

23296,21.01833,57.31333000000001,Oman,OM

23297,21.058329999999998,57.291669999999996,Oman,OM

23298,20.54167,56.68833000000001,Oman,OM

23299,20.92667,57.255,Oman,OM

23300,21.066670000000002,57.316669999999995,Oman,OM

23301,21.085,57.28,Oman,OM

23302,20.99,57.30667,Oman,OM

23303,20.985,57.29667,Oman,OM

23304,21.043329999999997,57.29667,Oman,OM

23305,21.06,57.265,Oman,OM

23306,21.046670000000002,57.255,Oman,OM

23307,20.46,56.675,Oman,OM

23308,20.54167,56.68,Oman,OM

23309,20.53667,56.683330000000005,Oman,OM

23310,20.99833,57.32167,Oman,OM

23311,21.00333,57.315,Oman,OM

23312,21.00333,57.32167,Oman,OM

23313,21.008329999999997,57.31,Oman,OM

23314,21.07,57.31333000000001,Oman,OM

23315,21.02,57.28167,Oman,OM

23316,21.008329999999997,57.0,Oman,OM

23317,21.00667,57.32167,Oman,OM

23318,20.98,57.333330000000004,Oman,OM

23319,21.08833,57.291669999999996,Oman,OM

23320,20.99833,57.315,Oman,OM

23321,21.09,56.915,Oman,OM

23322,21.00333,57.31833,Oman,OM

23323,21.07,57.27,Oman,OM

23324,21.06831,57.31564,Oman,OM

23325,20.99867,57.294669999999996,Oman,OM

23326,21.03364,57.320640000000004,Oman,OM

23327,21.06481,57.273559999999996,Oman,OM

23328,21.06636,57.26758,Oman,OM

23329,21.071279999999998,57.10175,Oman,OM

23330,21.18372,57.210080000000005,Oman,OM

23331,21.186970000000002,57.20867,Oman,OM

23332,21.20769,57.21136,Oman,OM

23333,21.06289,57.31561,Oman,OM

23334,21.04264,57.29767,Oman,OM

23335,21.057029999999997,57.29971999999999,Oman,OM

23336,21.00742,57.266580000000005,Oman,OM

23337,21.04833,57.309169999999995,Oman,OM

23338,21.051579999999998,57.311440000000005,Oman,OM

23339,21.04636,57.31033000000001,Oman,OM

23340,21.03908,57.31016999999999,Oman,OM

23341,21.03858,57.29383000000001,Oman,OM

23342,20.99203,57.319919999999996,Oman,OM

23343,21.03722,57.29019,Oman,OM

23344,21.036920000000002,57.28989,Oman,OM

23345,21.038,57.29283,Oman,OM

33994,21.05172,57.23795,Oman,OM

33995,20.998720000000002,57.325,Oman,OM

33996,21.0675,57.2722,Oman,OM

33997,21.065717000000003,57.263583,Oman,OM

23346,21.01717,57.320330000000006,Oman,OM

23347,20.09,56.7029,Oman,OM

23348,20.09,56.72048,Oman,OM

23349,20.07,56.72373,Oman,OM

23350,21.037029999999998,57.32685,Oman,OM

23351,20.98353,57.20101999999999,Oman,OM

23352,21.02018,57.21147,Oman,OM

23353,21.02063,57.2131,Oman,OM

23354,21.16788,56.54136999999999,Oman,OM

23355,21.10517,56.9963,Oman,OM

23356,20.573179999999997,57.323330000000006,Oman,OM

31319,20.966,57.3255,Oman,OM

31320,21.01333,57.31833,Oman,OM

31321,20.99333,57.28,Oman,OM

31322,21.05517,57.2975,Oman,OM

31323,21.06445,57.29923,Oman,OM

31324,20.573,56.702569999999994,Oman,OM

33999,21.04833,57.25833000000001,Oman,OM

34000,20.995,57.325,Oman,OM

31325,20.548170000000002,56.67931,Oman,OM

34004,20.721120000000003,57.1269,Oman,OM

31326,20.1762,56.519830000000006,Oman,OM

23357,20.476329999999997,57.360130000000005,Oman,OM

23358,20.51485,57.27738000000001,Oman,OM

23359,20.56455,57.17791999999999,Oman,OM

23360,20.56945,57.32167,Oman,OM

23361,20.5877,57.097519999999996,Oman,OM

23362,20.602420000000002,57.37903000000001,Oman,OM

23363,20.863329999999998,56.20333,Oman,OM

23364,20.96595,57.32455,Oman,OM

23365,20.965970000000002,57.3257,Oman,OM

23366,20.8635,56.2035,Oman,OM

23367,21.03578,57.32825,Oman,OM

23368,21.03963,57.31085,Oman,OM

23369,21.043,57.34307,Oman,OM

23370,21.062620000000003,57.2738,Oman,OM

23371,21.062620000000003,57.27421999999999,Oman,OM

23372,21.065279999999998,57.2804,Oman,OM

23373,21.067220000000002,57.28345,Oman,OM

23374,21.06963,57.291230000000006,Oman,OM

23375,21.070870000000003,57.31117,Oman,OM

23376,21.07102,57.29485,Oman,OM

23377,21.0835,57.25275,Oman,OM

23378,20.004,56.76201999999999,Oman,OM

23379,20.19485,57.2022,Oman,OM

23380,20.20125,56.96143000000001,Oman,OM

23381,20.29502,56.50755,Oman,OM

23382,20.33168,57.2474,Oman,OM

23383,20.03577,57.220380000000006,Oman,OM

23384,20.368579999999998,56.886680000000005,Oman,OM

23385,20.40277,57.0374,Oman,OM

23386,20.41437,57.065780000000004,Oman,OM

23387,20.42087,57.359269999999995,Oman,OM

23388,20.424220000000002,56.56185,Oman,OM

23389,20.42742,57.10296999999999,Oman,OM

23390,20.43342,56.58716999999999,Oman,OM

23391,20.44247,57.23295,Oman,OM

23392,20.484070000000003,56.9429,Oman,OM

23393,20.4853,57.21425,Oman,OM

23394,20.48933,57.40063000000001,Oman,OM

23395,20.49042,57.39355,Oman,OM

23396,20.491329999999998,57.369519999999994,Oman,OM

23397,20.4935,57.25187,Oman,OM

23398,20.06035,56.949180000000005,Oman,OM

23399,20.06255,56.953269999999996,Oman,OM

23400,20.50052,57.27052,Oman,OM

23401,20.50222,57.37372,Oman,OM

23402,20.507720000000003,57.15127,Oman,OM

23403,20.51168,57.318430000000006,Oman,OM

23404,20.51322,57.36756999999999,Oman,OM

23405,20.51677,57.3651,Oman,OM

23406,20.52627,57.38598,Oman,OM

23407,20.53975,57.30675,Oman,OM

23408,20.54182,57.198919999999994,Oman,OM

23409,20.54373,57.1285,Oman,OM

23410,20.553620000000002,57.32433,Oman,OM

23411,20.55617,57.31,Oman,OM

23412,20.556829999999998,56.8474,Oman,OM

23413,20.56093,57.3326,Oman,OM

23414,20.56233,57.37607,Oman,OM

23415,20.56275,57.2857,Oman,OM

23416,20.56565,57.3583,Oman,OM

23417,20.568,57.374219999999994,Oman,OM

23418,20.57268,57.36938000000001,Oman,OM

23419,20.57935,57.1848,Oman,OM

23420,20.57965,57.184830000000005,Oman,OM

23421,20.58103,57.40295,Oman,OM

23422,20.5828,57.36066999999999,Oman,OM

23423,20.58298,57.3165,Oman,OM

23424,20.58747,57.35292,Oman,OM

23425,20.59093,57.19753000000001,Oman,OM

23426,20.59637,57.16163,Oman,OM

23427,20.5989,57.020469999999996,Oman,OM

23428,20.59958,57.37525,Oman,OM

23429,20.60063,57.15925,Oman,OM

23430,20.60505,57.32175,Oman,OM

23431,20.61327,57.339119999999994,Oman,OM

23432,20.6227,56.947919999999996,Oman,OM

23433,20.6361,57.2141,Oman,OM

23434,20.668429999999997,57.159369999999996,Oman,OM

23435,20.63642,57.28726999999999,Oman,OM

23436,20.69528,57.18323,Oman,OM

23437,20.696170000000002,57.1949,Oman,OM

23438,20.706529999999997,57.18391999999999,Oman,OM

23439,20.70713,57.18317,Oman,OM

23440,20.72205,57.21013000000001,Oman,OM

23441,20.72628,57.15971999999999,Oman,OM

23442,20.72777,57.188419999999994,Oman,OM

23443,20.72918,57.189,Oman,OM

23444,20.76885,57.26002,Oman,OM

23445,20.78667,57.21405,Oman,OM

23446,20.79028,57.19408000000001,Oman,OM

23447,20.8131,57.330180000000006,Oman,OM

23448,20.94495,57.35585,Oman,OM

23449,20.100170000000002,56.83775,Oman,OM

23450,20.16658,57.07545,Oman,OM

23451,21.26172,57.178869999999996,Oman,OM

23452,21.04455,57.2735,Oman,OM

23453,21.0626,57.31251999999999,Oman,OM

23454,21.0,57.2,Oman,OM

34005,20.99245,57.3233,Oman,OM

34006,21.04753,57.31763,Oman,OM

34007,21.11363,56.81103,Oman,OM

34008,21.0689,57.313269999999996,Oman,OM

34009,21.00295,57.32363,Oman,OM

34010,20.52693,57.134330000000006,Oman,OM

34011,20.5274,57.135169999999995,Oman,OM

34012,21.00382,57.26387,Oman,OM

32488,21.07544,57.14703000000001,Oman,OM

34040,20.6004,57.16395,Oman,OM

34041,20.60342,57.164269999999995,Oman,OM

34042,20.60837,57.16007,Oman,OM

34043,21.04395,56.965,Oman,OM

34044,21.009870000000003,57.038619999999995,Oman,OM

34045,20.793670000000002,57.17375,Oman,OM

34046,20.998379999999997,57.31972,Oman,OM

34047,20.79087,57.183519999999994,Oman,OM

34048,21.068579999999997,57.30132,Oman,OM

34049,21.006556,57.334417,Oman,OM

34050,21.05613,57.29243,Oman,OM

34051,21.0596,57.28343,Oman,OM

34052,21.06242,57.2758,Oman,OM

34053,21.06985,57.26393,Oman,OM

34054,20.598329999999997,57.163230000000006,Oman,OM

34055,21.00825,57.3327,Oman,OM

34056,21.00295,57.327380000000005,Oman,OM

34057,21.06417,57.298869999999994,Oman,OM

34536,20.927670000000003,57.28233,Oman,OM

34537,21.2,57.1,Oman,OM

34538,21.00167,57.31166999999999,Oman,OM

34539,20.61167,56.755,Oman,OM

34540,20.68,56.815,Oman,OM

34541,21.011670000000002,57.31166999999999,Oman,OM

34542,21.01333,57.315,Oman,OM

34543,21.005,57.31166999999999,Oman,OM

34544,20.995,57.32666999999999,Oman,OM

34545,20.99833,57.31166999999999,Oman,OM

34546,21.09,57.25833000000001,Oman,OM

34547,21.075,57.26333,Oman,OM

34548,21.098329999999997,57.278330000000004,Oman,OM

34549,21.06,57.29667,Oman,OM

34550,20.99667,57.33,Oman,OM

34551,20.99667,57.316669999999995,Oman,OM

34552,21.005,57.325,Oman,OM

34553,21.008329999999997,57.31,Oman,OM

35691,20.53578,56.6709,Oman,OM

35692,20.5429,56.63808,Oman,OM

36587,21.07694,57.26971999999999,Oman,OM

35693,20.52808,56.6753,Oman,OM

35694,20.03577,57.220380000000006,Oman,OM

35695,20.19485,57.2022,Oman,OM

35479,20.06413,56.5339,Oman,OM

35696,21.00345,57.15368,Oman,OM

35697,20.910220000000002,56.902280000000005,Oman,OM

35698,20.91422,56.8861,Oman,OM

35699,20.91212,56.84697,Oman,OM

35700,21.00572,57.03185,Oman,OM

35701,20.0093,56.50733,Oman,OM

35702,19.997329999999998,56.5352,Oman,OM

35703,19.99653,56.5261,Oman,OM

35704,19.997020000000003,56.512119999999996,Oman,OM

35705,20.043029999999998,56.57788000000001,Oman,OM

35706,20.27962,56.50845,Oman,OM

35707,20.265079999999998,56.503,Oman,OM

35708,20.884,56.99377,Oman,OM

35709,20.92243,56.88685,Oman,OM

35710,20.86885,56.664680000000004,Oman,OM

35711,20.84918,56.94902,Oman,OM

35712,21.01332,57.091730000000005,Oman,OM

35713,21.268520000000002,57.31615,Oman,OM

35714,20.93015,57.14505,Oman,OM

35715,20.92558,57.12225,Oman,OM

53632,21.084770000000002,57.275980000000004,Oman,OM

45920,21.084529999999997,57.29322,Oman,OM

45921,21.05525,57.26902,Oman,OM

45922,21.076520000000002,57.295880000000004,Oman,OM

45923,21.0769,57.29693,Oman,OM

45924,21.05525,57.25815,Oman,OM

45925,21.066370000000003,57.2648,Oman,OM

45926,21.08908,57.27265,Oman,OM

45927,21.09352,57.275580000000005,Oman,OM

45928,21.09807,57.28043,Oman,OM

45929,21.08997,57.29492,Oman,OM

51661,21.09905,57.267669999999995,Oman,OM

45930,20.545,56.67417,Oman,OM

45931,20.55157,56.683080000000004,Oman,OM

45932,20.55088,56.683530000000005,Oman,OM

45933,20.541220000000003,56.68055,Oman,OM

45934,20.53877,56.674080000000004,Oman,OM

45935,20.5318,56.6687,Oman,OM

45936,20.53217,56.67183000000001,Oman,OM

45937,20.530720000000002,56.67097,Oman,OM

45938,20.55037,56.6854,Oman,OM

45939,20.545,56.67333000000001,Oman,OM

45940,21.04,57.315,Oman,OM

45941,20.8825,57.35723,Oman,OM

45942,20.79325,57.35065,Oman,OM

45943,20.59517,56.83023000000001,Oman,OM

45944,20.47928,56.82898,Oman,OM

45945,20.47928,56.754419999999996,Oman,OM

45946,20.47955,56.74435,Oman,OM

45947,20.43822,56.70383,Oman,OM

45948,20.33928,56.56445,Oman,OM

51662,20.01585,56.55805,Oman,OM

51663,20.025570000000002,56.55826999999999,Oman,OM

51664,20.0136,56.557869999999994,Oman,OM

51714,20.097,56.624469999999995,Oman,OM

51665,20.159979999999997,56.64625,Oman,OM

51666,20.99782,57.29495,Oman,OM

51667,20.9964,57.28787,Oman,OM

48635,21.087870000000002,56.941280000000006,Oman,OM

48636,20.51132,57.29286999999999,Oman,OM

48637,20.386120000000002,56.93883,Oman,OM

48638,20.051679999999998,56.50583,Oman,OM

48639,20.09742,56.628519999999995,Oman,OM

48640,20.16558,56.62803,Oman,OM

48641,20.2454,56.51588,Oman,OM

48642,20.01022,56.52188,Oman,OM

48643,20.92257,57.13616999999999,Oman,OM

48644,20.255229999999997,56.541430000000005,Oman,OM

48645,20.3953,56.58882,Oman,OM

48646,20.4429,56.654219999999995,Oman,OM

48647,20.44538,56.65541999999999,Oman,OM

48648,20.59788,56.97881999999999,Oman,OM

52396,20.786170000000002,57.14966999999999,Oman,OM

51428,21.276320000000002,57.11877,Oman,OM

50969,21.2921,57.178,Oman,OM

50970,20.95935,56.9719,Oman,OM

50971,20.27317,56.634130000000006,Oman,OM

51429,20.2926,56.64225,Oman,OM

50968,21.26845,57.128719999999994,Oman,OM

52861,20.53333,57.3,Oman,OM

52423,20.19867,56.809169999999995,Oman,OM

52409,20.7025,57.111169999999994,Oman,OM

52410,20.527829999999998,57.4045,Oman,OM

52427,20.21167,56.60467,Oman,OM

52429,20.532,57.335,Oman,OM

52430,20.764670000000002,57.26967,Oman,OM

52431,20.126170000000002,56.562830000000005,Oman,OM

52432,20.78533,57.26866999999999,Oman,OM

51861,20.53,57.367,Oman,OM

51865,20.616670000000003,57.03333000000001,Oman,OM

51866,20.383329999999997,56.76667,Oman,OM

51867,20.564,56.6655,Oman,OM

51873,21.25452,56.503,Oman,OM

51879,21.28998,56.58091999999999,Oman,OM

51880,21.20007,56.7355,Oman,OM

51881,21.01217,56.77956999999999,Oman,OM

51882,20.9393,56.9045,Oman,OM

51883,20.89607,56.926069999999996,Oman,OM

51884,20.906229999999997,56.94885,Oman,OM

51930,20.12538,56.55335,Oman,OM

51931,20.71282,57.12161999999999,Oman,OM

51932,20.727220000000003,57.10742,Oman,OM

51998,20.356479999999998,56.54885,Oman,OM

51999,20.356379999999998,56.55141999999999,Oman,OM

52000,20.37153,56.510819999999995,Oman,OM

52001,20.37165,56.510169999999995,Oman,OM

52005,20.42087,56.500330000000005,Oman,OM

52006,20.404320000000002,56.64205,Oman,OM

52007,20.407020000000003,56.652280000000005,Oman,OM

52008,20.415329999999997,56.6655,Oman,OM

52009,21.03712,57.2311,Oman,OM

52617,20.9645,56.720330000000004,Oman,OM

52785,20.52596,56.79725,Oman,OM

52789,20.03024,56.64801,Oman,OM

55277,21.00633,57.321830000000006,Oman,OM

55469,20.134520000000002,56.589769999999994,Oman,OM

55470,20.26653,56.51653,Oman,OM

55471,20.3806,56.593419999999995,Oman,OM

55472,20.40138,56.63825,Oman,OM

55516,20.53738,56.989169999999994,Oman,OM

55586,20.39561,56.63589,Oman,OM

55553,21.10707,57.04363000000001,Oman,OM

55554,21.0597,57.27632,Oman,OM

55555,21.059179999999998,57.2762,Oman,OM

55556,20.76578,57.283319999999996,Oman,OM

55557,20.51228,57.283269999999995,Oman,OM

55558,20.51182,57.286930000000005,Oman,OM

55559,20.388479999999998,57.00298000000001,Oman,OM

55739,20.538120000000003,56.66567,Oman,OM

56095,20.59947,57.14294,Oman,OM

56205,20.09977,56.70506999999999,Oman,OM

56206,20.23798,56.93035,Oman,OM

56207,20.50483,56.83407,Oman,OM

56208,20.4247,56.650130000000004,Oman,OM

56209,20.77045,57.089119999999994,Oman,OM

56348,20.59627,57.159169999999996,Oman,OM

56349,20.0992,56.598380000000006,Oman,OM

56350,20.24095,56.6424,Oman,OM

56351,20.05132,56.59222,Oman,OM

56352,21.04035,57.043580000000006,Oman,OM

56432,20.17417,56.511109999999995,Oman,OM

56653,21.06733,57.267669999999995,Oman,OM

23456,-32.08333,21.33333,South Africa,ZA

23461,53.4,18.45,Poland,PL

23462,38.46667,-100.93333,United States,US

23463,-87.03333,-148.0,Antarctica,AQ

23464,-87.03333,-148.0,Antarctica,AQ

23465,-87.03333,-148.0,Antarctica,AQ

23466,36.76667,-86.16667,United States,US

23468,32.5,-101.0,United States,US

23469,32.93333,-102.58333,United States,US

23470,32.91722,-102.5,United States,US

23471,32.98333,-102.56667,United States,US

23474,52.26667,15.55,Poland,PL

23475,-30.58333,125.21667,Australia,AU

23477,20.81833,12.97333,Niger,NE

23478,39.36667,-100.63333,United States,US

23479,39.3,-102.83333,United States,US

23480,39.27667,-102.88667,United States,US

23482,49.75,14.416670000000002,Czechia,CZ

23484,39.53333,-100.56667,United States,US

23485,35.28333,-112.86667,United States,US

23486,32.4,-87.0,United States,US

23488,32.68333,-102.61667,United States,US

23489,32.54333,-102.705,United States,US

23490,32.55,-102.39166999999999,United States,US

23491,32.71667,-102.65,United States,US

23492,32.71667,-102.65,United States,US

54436,32.700379999999996,-102.67268,United States,US

55293,32.71667,-102.65,United States,US

23493,32.71667,-102.65,United States,US

23494,32.71667,-102.65,United States,US

23497,39.83333,-96.06667,United States,US

23498,42.91667,-76.78333,United States,US

23499,41.78333,-84.18333,United States,US

23503,-24.55,-69.06667,Chile,CL

23505,34.26889,-101.64721999999999,United States,US

23506,-19.36775,-66.96786999999999,Bolivia,BO

23507,60.5,57.0,Russia,RU

23510,62.9,152.43333,Russia,RU

23511,37.2375,-92.78694,United States,US

23513,32.4,-102.58333,United States,US

52642,30.553829999999998,57.784169999999996,Iran,IR

23514,18.185,55.11,Oman,OM

23515,18.707279999999997,55.72135,Oman,OM

23516,18.18233,55.501830000000005,Oman,OM

23517,18.18233,55.501830000000005,Oman,OM

23518,18.21432,55.71321999999999,Oman,OM

23519,18.44728,55.92163000000001,Oman,OM

23520,18.526320000000002,55.93298000000001,Oman,OM

51961,18.86795,55.45073000000001,Oman,OM

51962,18.872529999999998,55.475919999999995,Oman,OM

51963,18.888679999999997,55.43785,Oman,OM

51964,18.90015,55.593469999999996,Oman,OM

51965,18.94255,55.63143,Oman,OM

51966,18.98645,55.58648,Oman,OM

51967,18.99932,55.495219999999996,Oman,OM

55604,18.974,55.089,Oman,OM

56200,18.65148,55.14188000000001,Oman,OM

56201,18.653879999999997,55.1467,Oman,OM

56202,18.89837,55.581869999999995,Oman,OM

56203,18.911,55.5569,Oman,OM

56204,18.91123,55.557019999999994,Oman,OM

23522,33.7,-101.93333,United States,US

23523,42.5,114.0,China,CN

23524,38.77083,-101.79833,United States,US

23526,39.53333,-103.33333,United States,US

23527,34.125,-115.56333000000001,United States,US

23528,34.125,-115.56333000000001,United States,US

23532,35.765,140.41,Japan,JP

23533,38.7,-100.35,United States,US

23535,38.66667,-120.93333,United States,US

23536,36.7,137.36667,Japan,JP

23537,39.5,140.2,Japan,JP

23539,18.508,53.98733000000001,Oman,OM

23540,18.5875,53.91417,Oman,OM

23541,18.5695,53.910169999999994,Oman,OM

23542,18.584329999999998,53.913669999999996,Oman,OM

23543,18.46617,53.83416999999999,Oman,OM

23544,18.415,53.988330000000005,Oman,OM

23545,18.2925,53.5675,Oman,OM

23546,18.54167,53.99833,Oman,OM

23547,18.56333,53.926669999999994,Oman,OM

23548,18.55,53.97,Oman,OM

23549,18.558329999999998,53.91333,Oman,OM

31327,18.56167,53.971669999999996,Oman,OM

31328,18.491670000000003,53.88166999999999,Oman,OM

31329,18.32883,53.886,Oman,OM

23550,18.54908,53.9229,Oman,OM

23551,18.4384,53.96892,Oman,OM

23552,18.42322,53.60905,Oman,OM

23553,18.537329999999997,53.933119999999995,Oman,OM

23554,18.5475,53.8935,Oman,OM

23555,18.55927,53.89155,Oman,OM

23556,18.60453,53.88757,Oman,OM

23557,18.1672,53.84555,Oman,OM

23558,18.552870000000002,53.98743,Oman,OM

23559,18.55473,53.996869999999994,Oman,OM

23560,18.1074,53.8319,Oman,OM

23561,18.12303,53.754780000000004,Oman,OM

23562,18.1413,53.91205,Oman,OM

23563,18.142770000000002,53.80753000000001,Oman,OM

23564,18.1501,53.80047,Oman,OM

23565,18.1536,53.77486999999999,Oman,OM

23566,18.21335,53.84675,Oman,OM

23567,18.041,53.69266999999999,Oman,OM

23568,18.34725,53.7477,Oman,OM

23569,18.42062,54.050580000000004,Oman,OM

23570,18.429570000000002,54.04127,Oman,OM

23571,18.50755,53.99325,Oman,OM

23572,18.54202,53.93747,Oman,OM

23573,18.54588,53.933780000000006,Oman,OM

23574,18.54723,53.95703,Oman,OM

23575,18.54777,53.95012,Oman,OM

23576,18.55282,53.9355,Oman,OM

